name,type
abuso,crime
abusivo,crime
abusivismo,crime
abusivamente,related
accoltellare,related
accoltellamento,crime
accoltellato,related
accoltellatore,related
accusare,related
accusato,related
adulterazione,related
aggressione,crime
aggressore,crime
alibi,related
amnistia,related
appello,related
appropriazione,crime
archiviato,related
archiviazione,related
arresto,related
arrestare,related
arrestato,related
assalitore,related
assalto,crime
assaltato,crime
assassino,crime
assassinato,crime
assoluzione,related
attentato,crime
attenuante,related
autopsia,related
autoptico,related
avvelenare,related
avvelenamento,crime
avvelenato,related
bancarotta,crime
bandito,related
borseggiare,crime
borseggiatore,related
bottine,related
bracconiere,crime
bullismo,crime
bullo,related
cadavere,related
camorra,related
camorrista,related
carcere,related
carcerato,related
carcerazione,related
carnale,crime
carnefice,related
cassazione,related
cattura,related
catturare,related
cautelare,related
cauzione,related
censurare,related
citazione,related
clan,related
cocaina,related
cocainomane,related
coltello,related
comparizione,related
concentramento,related
condanna,related
condannato,related
confisca,related
contenzioso,related
contrabbando,crime
contraffazione,crime
contravvenzione,related
contumacia,related
corrompere,related
corruttore,related
corruzione,crime
corte,related
crimine,related
criminale,related
criminalizzare,related
criminoso,related
custodia,related
cybercrime,crime
delinquente,related
delitto,crime
delittuoso,related
deposizione,related
depredare,related
depredato,related
detentiva,related
detenuto,related
detenzione,crime
devastare,related
diffamatore,related
diffamazione,related
dirottamento,crime
dirottare,crime
discolpa,related
domiciliari,crime
droga,related
drogato,related
ecchimosi,related
effrazione,crime
ergastolo,related
ergastolano,related
eroina,related
eroinomane,related
esecuzione,related
estorsione,crime
evasione,crime
fallimento,crime
falsario,related
falsifica,related
falsificazione,crime
favoreggiatore,crime
fedina,related
fermo,related
fratricidio,crime
freddare,related
freddato,related
fucile,related
fuggitivo,related
fuorilegge,related
furto,crime
galeotto,related
galera,related
gang,related
gangster,related
gattabuia,related
giudizio,related
identikit,related
illecito,crime
illegale,related
illegalita,related
illegalmente,related
imbroglione,related
impiccagione,related
impostore,related
imprigionare,related
impunito,related
imputato,related
imputazione,related
incendiare,crime
incriminare,related
incriminato,related
incriminazione,related
indagare,related
indagato,related
appropriazione indebita,crime
indizi,related
indiziato,related
infanticidio,crime
ingiunzione,crime
ingiuria,related
intimazione,related
kalashnikov,related
killer,related
ladro,related
ladruncolo,related
latitant,related
lavorare,related
lavoratore,related
legale,related
legalita,related
lesioni,crime
lite,related
mafia,crime
mafioso,related
malavitoso,related
malfattore,related
malloppo,related
maltolto,related
malvivente,related
mandante,related
massacro,related
massacrato,related
matrattamento,related
matricidio,crime
mitra,related
mobbing,related
molestato,related
molestatie,crime
molestatore,related
morta,related
mortale,related
morte,related
narcos,related
narcotrafficante,related
naziskin,related
ndrangheta,related
ndranghetista,related
omicid,crime
ordinanza,related
ostaggio,related
patteggio,related
patteggiamento,related
pena,related
penale,crime
penitenziario,related
percosse,crime
perquisizion,related
pignoramento,related
pirateria,crime
piromane,related
pistola,related
pistolero,related
pedopornografica,crime
pornografia,crime
prigione,related
procedimento,related
processo,related
procura,related
proibizione,related
proscioglimento,related
prove,related
pugnalato,crime
querelare,related
querela,related
querelante,related
querelato,related
raggira,related
raggirato,related
rapimento,crime
rapina,crime
rapinato,related
rapinatore,crime
rapitore,related
reato,crime
recidivo,related
recluso,related
reclusion,related
recriminazione,related
refurtiva,related
revolver,related
ricatto,crime
ricattato,related
ritrovamento,related
ruba,crime
rubare,crime
saccheggio,crime
saccheggiare,crime
saccheggiato,related
salma,related
salme,related
scagiona,related
scagionare,related
sciacallo,related
scippatore,related
sentenza,related
sequestr,crime
sequestrat,crime
seriale,related
sevizie,crime
seviziare,crime
sgozzare,related
sicari,related
sospetto,related
stalker,related
stalking,crime
stupefacente,related
stupro,crime
stuprare,crime
stuprator,related
suicidio,related
svaligiare,crime
svaligiato,related
taccheggio,crime
taccheggiare,crime
taglieggiato,related
taglieggiatore,related
teppista,related
trasgressore,related
tribunale,related
truffa,crime
truffaldino,related
truffatore,related
uxoricidio,crime
vertenza,related
vilipendio,crime
violare,related
violenza,related
violentata,related
violentatore,related
violenza,crime